"항목","행정구역(동읍면)별",2025.12,2025.12,2025.12,2025.12,2025.12,2025.12,2025.12,2025.12,2025.12,2025.12,2025.12,2025.12,2025.12,2025.12,2025.12,2025.12,2025.12,2025.12,2025.12,2025.12,2025.12,2025.12
"항목","행정구역(동읍면)별",계,0 - 4세,5 - 9세,10 - 14세,15 - 19세,20 - 24세,25 - 29세,30 - 34세,35 - 39세,40 - 44세,45 - 49세,50 - 54세,55 - 59세,60 - 64세,65 - 69세,70 - 74세,75 - 79세,80 - 84세,85 - 89세,90 - 94세,95 - 99세,100+
"총인구수 (명)","서울특별시 > 송파구",643350,16292,22897,28931,27988,28932,47229,56499,49408,53364,50383,50409,47573,44510,43270,31745,21566,12733,6332,2592,614,83
"총인구수 (명)","서울특별시 > 송파구 > 풍납1동",10753,228,206,252,341,412,636,780,733,692,696,846,912,986,1124,785,512,362,193,45,11,1
"총인구수 (명)","서울특별시 > 송파구 > 풍납2동",22922,626,716,876,862,1127,1898,1920,1775,1798,1653,1785,1671,1583,1656,1188,885,504,263,108,23,5
"총인구수 (명)","서울특별시 > 송파구 > 거여1동",11725,179,221,334,402,531,842,922,701,717,738,1030,1100,1079,995,757,575,328,190,66,18,0
"총인구수 (명)","서울특별시 > 송파구 > 거여2동",23058,717,802,869,825,1003,1224,1664,1751,1739,1627,1903,1991,1803,1770,1342,967,620,289,115,34,3
"총인구수 (명)","서울특별시 > 송파구 > 마천1동",15169,203,309,501,612,680,859,904,795,853,924,1344,1427,1487,1481,1062,790,560,272,90,15,1
"총인구수 (명)","서울특별시 > 송파구 > 마천2동",16961,196,262,420,518,693,1011,1086,840,976,1067,1431,1664,1753,1807,1277,873,653,292,118,24,0
"총인구수 (명)","서울특별시 > 송파구 > 방이1동",14926,293,499,712,737,774,1053,1140,1049,1154,1197,1268,1138,1151,1037,750,454,283,150,67,16,4
"총인구수 (명)","서울특별시 > 송파구 > 방이2동",26189,399,396,458,580,1113,3584,4300,2621,2093,1615,1602,1660,1514,1504,1168,764,503,204,96,13,2
"총인구수 (명)","서울특별시 > 송파구 > 오륜동",17522,343,778,1297,1164,844,821,757,872,1427,1623,1390,1377,1312,1255,1071,651,293,137,83,25,2
"총인구수 (명)","서울특별시 > 송파구 > 오금동",37150,906,1144,1403,1598,1744,2457,2683,2513,2583,2611,3045,3271,3165,2998,2126,1417,783,418,231,50,4
"총인구수 (명)","서울특별시 > 송파구 > 송파1동",22867,418,392,484,607,954,2657,3346,2238,1681,1454,1523,1550,1481,1491,1124,706,464,198,81,17,1
"총인구수 (명)","서울특별시 > 송파구 > 송파2동",19313,495,754,977,920,871,1289,1442,1467,1646,1521,1442,1454,1491,1383,999,570,341,159,75,15,2
"총인구수 (명)","서울특별시 > 송파구 > 석촌동",30086,506,495,658,810,1310,3186,4184,2851,2352,2051,2192,2072,2028,1942,1408,1022,621,282,93,23,0
"총인구수 (명)","서울특별시 > 송파구 > 삼전동",28369,417,473,714,930,1188,3022,3944,2655,2272,2078,2157,1903,1849,1755,1254,865,544,242,77,25,5
"총인구수 (명)","서울특별시 > 송파구 > 가락본동",24534,610,556,723,766,1128,1991,2581,2031,1784,1648,1871,2106,2032,1883,1179,790,452,271,110,18,4
"총인구수 (명)","서울특별시 > 송파구 > 가락1동",26960,1230,1596,1782,1203,922,1176,1845,2336,2880,2342,1846,1580,1737,1755,1284,849,377,158,49,10,3
"총인구수 (명)","서울특별시 > 송파구 > 가락2동",28574,673,1092,1494,1430,1389,2055,2248,2077,2375,2289,2413,2212,1991,1946,1254,787,457,266,96,27,3
"총인구수 (명)","서울특별시 > 송파구 > 문정1동",19614,452,550,631,689,895,1832,2093,1558,1412,1222,1428,1475,1579,1492,1041,627,348,187,80,20,3
"총인구수 (명)","서울특별시 > 송파구 > 문정2동",28687,672,639,764,707,1019,3144,4393,3084,2651,1950,1753,1682,1527,1531,1256,918,516,323,126,27,5
"총인구수 (명)","서울특별시 > 송파구 > 장지동",30677,1135,1003,1135,1307,1417,1918,2763,2575,2399,2220,2348,2375,2304,2165,1557,1000,581,301,137,32,5
"총인구수 (명)","서울특별시 > 송파구 > 위례동",44962,2046,3521,3628,3044,1985,2059,2632,3663,4912,4516,3549,2740,2176,1840,1159,748,395,211,105,26,7
"총인구수 (명)","서울특별시 > 송파구 > 잠실본동",27298,379,442,626,786,1205,3295,3922,2630,2108,1914,1970,1828,1713,1663,1175,817,481,231,93,17,3
"총인구수 (명)","서울특별시 > 송파구 > 잠실2동",34626,916,2166,3110,2598,1873,1468,1204,1835,3690,4138,3428,2384,1522,1417,1140,874,524,225,96,17,1
"총인구수 (명)","서울특별시 > 송파구 > 잠실3동",33638,834,1522,2145,2100,1694,1508,1482,1836,2887,3136,3037,2538,2170,2287,1877,1396,713,303,132,37,4
"총인구수 (명)","서울특별시 > 송파구 > 잠실4동",21148,765,1309,1591,1182,904,890,881,1441,2240,2103,1820,1421,1200,1201,966,607,359,189,55,21,3
"총인구수 (명)","서울특별시 > 송파구 > 잠실6동",16299,444,750,932,816,772,827,899,1037,1426,1380,1274,1233,1131,1196,902,602,356,201,89,25,7
"총인구수 (명)","서울특별시 > 송파구 > 잠실7동",9323,210,304,415,454,485,527,484,444,617,670,714,809,746,696,644,500,315,177,79,28,5
"총인구수 (명)","서울특별시 > 강동구",499127,13988,18023,22477,21290,21376,34236,40651,36803,41436,39687,38436,36808,36009,36235,26362,17548,10330,4924,1929,511,68
"총인구수 (명)","서울특별시 > 강동구 > 강일동",34345,1198,1754,1699,2059,1558,1725,1850,2377,2823,2798,2670,2429,2396,2604,1864,1204,731,383,184,34,5
"총인구수 (명)","서울특별시 > 강동구 > 상일제1동",39009,1406,2537,3075,2283,1439,1565,1922,2773,4216,3905,3024,2454,2445,2484,1715,956,467,222,90,24,7
"총인구수 (명)","서울특별시 > 강동구 > 상일제2동",13310,490,676,707,955,718,810,856,940,1035,1092,1008,1015,759,686,611,432,283,144,68,21,4
"총인구수 (명)","서울특별시 > 강동구 > 명일제1동",24637,861,1034,1140,1105,1059,1323,1734,1883,2180,1915,1987,1745,1703,1842,1392,878,497,227,101,29,2
"총인구수 (명)","서울특별시 > 강동구 > 명일제2동",16868,258,593,1279,1195,930,1002,887,826,1355,1628,1493,1124,1096,1227,957,554,240,133,67,19,5
"총인구수 (명)","서울특별시 > 강동구 > 고덕제1동",23684,494,1349,2398,1793,938,867,921,1227,2536,2779,2086,1402,1369,1388,968,573,300,169,90,34,3
"총인구수 (명)","서울특별시 > 강동구 > 고덕제2동",26256,1051,1517,1707,1365,953,1344,1855,2174,2724,2438,1941,1663,1528,1509,1124,714,363,179,85,21,1
"총인구수 (명)","서울특별시 > 강동구 > 암사제1동",32675,629,814,1085,1172,1405,2352,2621,2154,2289,2469,2672,2844,2716,2665,1897,1393,903,401,154,37,3
"총인구수 (명)","서울특별시 > 강동구 > 암사제2동",14539,537,460,459,461,590,1026,1408,1318,1152,985,1133,1100,1004,1014,729,531,398,157,62,14,1
"총인구수 (명)","서울특별시 > 강동구 > 암사제3동",16830,470,860,1042,903,728,862,906,1082,1543,1453,1341,1292,1110,1145,950,556,349,161,51,20,6
"총인구수 (명)","서울특별시 > 강동구 > 천호제1동",25025,446,419,681,720,1008,1845,2160,1688,1646,1750,2008,2051,2198,2296,1662,1224,753,333,99,37,1
"총인구수 (명)","서울특별시 > 강동구 > 천호제2동",34829,749,681,757,924,1337,3226,3962,2827,2554,2309,2617,2755,2845,2596,1826,1374,892,428,136,30,4
"총인구수 (명)","서울특별시 > 강동구 > 천호제3동",26294,521,398,490,589,1150,2966,3292,2102,1851,1608,1863,1932,1966,2048,1412,1008,651,299,116,26,6
"총인구수 (명)","서울특별시 > 강동구 > 성내제1동",18917,522,559,725,749,951,1354,1625,1409,1466,1479,1528,1446,1374,1334,977,750,392,186,72,15,4
"총인구수 (명)","서울특별시 > 강동구 > 성내제2동",24236,422,379,487,567,1049,2656,3031,1937,1637,1523,1667,1729,1886,1824,1379,990,623,329,95,24,2
"총인구수 (명)","서울특별시 > 강동구 > 성내제3동",21539,372,457,587,759,1105,1780,1922,1451,1483,1593,1740,1846,1745,1646,1218,888,571,275,77,22,2
"총인구수 (명)","서울특별시 > 강동구 > 길동",48199,1108,1019,1266,1478,2148,4300,4805,3649,3484,3330,3634,3795,3790,3902,2735,1879,1107,507,198,58,7
"총인구수 (명)","서울특별시 > 강동구 > 둔촌제1동",32743,1657,1785,1940,1292,1168,1484,2743,3043,3551,2856,2152,2158,2112,2082,1489,744,278,120,66,19,4
"총인구수 (명)","서울특별시 > 강동구 > 둔촌제2동",25192,797,732,953,921,1142,1749,2151,1943,1911,1777,1872,2028,1967,1943,1457,900,532,271,118,27,1
"총인구수 (명)","경기도 > 성남시 > 수정구",232389,5925,6772,7725,8232,11269,16716,19010,16532,17230,16596,18667,19533,19158,18123,12454,8765,5591,2839,991,234,27
"총인구수 (명)","경기도 > 성남시 > 수정구 > 신흥1동",12046,101,139,248,322,517,900,947,677,753,827,1111,1176,1203,1200,787,541,340,187,59,10,1
"총인구수 (명)","경기도 > 성남시 > 수정구 > 신흥2동",31635,1621,1410,1078,1122,1353,1760,2766,3165,2872,2222,2294,2450,2316,2078,1414,859,498,246,83,24,4
"총인구수 (명)","경기도 > 성남시 > 수정구 > 신흥3동",10670,122,143,198,285,486,846,919,609,677,716,989,1032,1064,982,609,462,328,147,41,14,1
"총인구수 (명)","경기도 > 성남시 > 수정구 > 태평1동",13522,133,140,211,337,941,1296,1128,746,765,824,1030,1177,1217,1177,868,722,475,246,73,15,1
"총인구수 (명)","경기도 > 성남시 > 수정구 > 태평2동",13628,186,212,326,427,686,1108,1150,823,819,861,1153,1273,1248,1158,803,635,434,218,86,20,2
"총인구수 (명)","경기도 > 성남시 > 수정구 > 태평3동",11585,130,178,295,375,530,802,836,622,692,760,986,1182,1171,1145,739,569,329,187,45,11,1
"총인구수 (명)","경기도 > 성남시 > 수정구 > 태평4동",10906,127,174,328,437,574,890,865,550,621,740,994,1008,961,907,627,475,356,180,78,13,1
"총인구수 (명)","경기도 > 성남시 > 수정구 > 수진1동",10775,77,105,192,247,394,788,758,561,570,636,921,1127,1220,1169,843,549,378,165,66,6,3
"총인구수 (명)","경기도 > 성남시 > 수정구 > 수진2동",14334,185,241,346,442,645,1127,1083,760,815,943,1088,1262,1430,1407,968,783,480,243,70,14,2
"총인구수 (명)","경기도 > 성남시 > 수정구 > 단대동",14162,295,336,497,555,642,961,1016,892,987,997,1157,1285,1245,1151,824,613,403,220,64,21,1
"총인구수 (명)","경기도 > 성남시 > 수정구 > 산성동",4421,56,110,142,191,204,298,304,221,281,317,406,366,400,371,274,230,150,76,20,3,1
"총인구수 (명)","경기도 > 성남시 > 수정구 > 양지동",8923,89,161,295,391,554,615,546,371,521,664,835,864,827,742,547,411,280,152,49,7,2
"총인구수 (명)","경기도 > 성남시 > 수정구 > 복정동",10453,236,183,185,274,1142,1228,1093,948,824,815,863,737,560,509,361,249,151,58,25,10,2
"총인구수 (명)","경기도 > 성남시 > 수정구 > 위례동",45473,1745,2348,2732,2170,1752,2359,3331,3624,4354,3976,3464,3284,3103,2948,1935,1129,645,351,174,44,5
"총인구수 (명)","경기도 > 성남시 > 수정구 > 신촌동",4511,206,223,200,208,267,439,507,380,303,315,338,256,260,249,156,84,68,34,12,6,0
"총인구수 (명)","경기도 > 성남시 > 수정구 > 고등동",11797,552,609,383,382,455,807,1247,1303,1122,764,824,844,686,683,498,317,192,86,33,10,0
"총인구수 (명)","경기도 > 성남시 > 수정구 > 시흥동",3548,64,60,69,67,127,492,514,280,254,219,214,210,247,247,201,137,84,43,13,6,0
"총인구수 (명)","경기도 > 성남시 > 중원구",203572,4903,5391,6592,7373,9176,14606,17060,14186,14816,14187,16315,17434,17571,16588,10972,7678,5018,2621,837,205,43
"총인구수 (명)","경기도 > 성남시 > 중원구 > 성남동",31835,480,451,702,928,1415,3338,3408,2190,2083,2035,2453,2601,2570,2599,1708,1265,945,468,159,33,4
"총인구수 (명)","경기도 > 성남시 > 중원구 > 중앙동",16585,681,624,601,562,663,868,1272,1431,1428,1288,1331,1329,1267,1181,823,615,370,174,61,13,3
"총인구수 (명)","경기도 > 성남시 > 중원구 > 금광1동",19608,1147,1079,622,519,680,1028,1898,2365,2188,1321,1240,1298,1317,1224,749,480,230,156,50,15,2
"총인구수 (명)","경기도 > 성남시 > 중원구 > 금광2동",23438,417,498,654,860,1186,1777,1950,1449,1621,1664,1922,2070,2031,1983,1411,942,583,299,92,23,6
"총인구수 (명)","경기도 > 성남시 > 중원구 > 은행1동",9289,162,199,314,411,542,831,811,574,554,577,804,838,755,691,490,331,239,134,25,4,3
"총인구수 (명)","경기도 > 성남시 > 중원구 > 은행2동",20978,238,350,566,760,1138,1529,1573,1142,1195,1363,1832,2032,1992,1863,1274,960,682,351,106,27,5
"총인구수 (명)","경기도 > 성남시 > 중원구 > 상대원1동",22454,431,467,696,724,930,1483,1884,1412,1570,1491,1834,2076,2160,2045,1329,904,593,293,97,28,7
"총인구수 (명)","경기도 > 성남시 > 중원구 > 상대원2동",2911,41,50,91,101,129,190,189,131,170,199,233,320,331,300,170,127,81,36,18,2,2
"총인구수 (명)","경기도 > 성남시 > 중원구 > 상대원3동",11054,124,165,296,360,440,658,835,606,663,734,847,1115,1228,1114,777,547,311,167,44,19,4
"총인구수 (명)","경기도 > 성남시 > 중원구 > 하대원동",19542,468,503,691,778,877,1374,1458,1233,1237,1248,1578,1758,1974,1795,1118,668,445,243,77,16,3
"총인구수 (명)","경기도 > 성남시 > 중원구 > 도촌동",25878,714,1005,1359,1370,1176,1530,1782,1653,2107,2267,2241,1997,1946,1793,1123,839,539,300,108,25,4
"총인구수 (명)","경기도 > 구리시",186090,4307,5803,8011,8286,8803,12520,13633,11526,13693,14394,16244,17200,16094,13741,8693,5822,4151,2231,766,150,22
"총인구수 (명)","경기도 > 구리시 > 갈매동",30448,1064,1754,2224,1213,975,1588,1972,2216,3538,3068,2253,2042,1945,1879,1216,768,447,198,75,12,1
"총인구수 (명)","경기도 > 구리시 > 동구동",35104,847,958,1422,1707,1877,2486,2544,2055,2212,2532,3200,3590,3239,2457,1486,1048,766,455,179,40,4
"총인구수 (명)","경기도 > 구리시 > 인창동",23558,599,774,952,1127,1209,1653,1791,1575,1712,1802,2046,2198,1968,1564,1018,674,520,262,91,22,1
"총인구수 (명)","경기도 > 구리시 > 교문1동",14554,177,229,390,486,569,1021,1019,783,890,1075,1353,1462,1503,1367,888,586,439,233,70,12,2
"총인구수 (명)","경기도 > 구리시 > 교문2동",20554,466,639,993,1221,1158,1285,1321,1165,1370,1603,1944,1885,1620,1555,934,594,432,267,82,17,3
"총인구수 (명)","경기도 > 구리시 > 수택1동",16843,364,389,493,610,782,1339,1465,1113,1111,1128,1396,1587,1645,1341,858,551,398,199,62,10,2
"총인구수 (명)","경기도 > 구리시 > 수택2동",24057,353,509,711,908,1164,1670,1835,1376,1474,1585,1997,2455,2445,2132,1399,926,641,339,116,17,5
"총인구수 (명)","경기도 > 구리시 > 수택3동",20972,437,551,826,1014,1069,1478,1686,1243,1386,1601,2055,1981,1729,1446,894,675,508,278,91,20,4
"총인구수 (명)","경기도 > 남양주시",729754,18688,27680,39117,39683,35766,41064,43296,41089,56477,63575,67913,62353,55121,48924,34025,24169,17047,9485,3352,818,112
"총인구수 (명)","경기도 > 남양주시 > 와부읍",59575,1154,1590,2939,3570,3183,3366,3207,2742,3745,4911,5934,5563,4868,4176,3136,2364,1747,972,317,80,11
"총인구수 (명)","경기도 > 남양주시 > 진접읍",94778,2020,3291,5179,5947,5246,5092,5018,4625,6581,8255,9394,8219,7410,6511,4567,3162,2336,1311,494,107,13
"총인구수 (명)","경기도 > 남양주시 > 화도읍",63417,1156,1826,3021,3440,3169,3718,3267,2849,4349,5535,6569,6015,5238,4670,3172,2394,1713,923,300,85,8
"총인구수 (명)","경기도 > 남양주시 > 화도읍동부출장소",12897,361,549,717,650,490,625,703,695,1070,1122,1164,1105,1085,956,672,374,276,173,83,25,2
"총인구수 (명)","경기도 > 남양주시 > 화도읍남부출장소",35308,859,1443,2048,2099,1864,1730,1734,1789,2777,3347,3530,3161,2636,2237,1513,1123,832,413,142,27,4
"총인구수 (명)","경기도 > 남양주시 > 진건읍",19681,223,321,558,731,865,1208,1129,801,973,1242,1696,2135,2395,1970,1297,881,657,403,151,37,8
"총인구수 (명)","경기도 > 남양주시 > 오남읍",50565,837,1288,2328,3000,3089,3177,2693,2154,2994,4253,5616,5219,4157,3285,2219,1810,1302,809,253,75,7
"총인구수 (명)","경기도 > 남양주시 > 퇴계원읍",26322,424,561,919,1160,1246,1637,1587,1363,1427,1753,2192,2590,2771,2588,1566,1120,790,447,142,36,3
"총인구수 (명)","경기도 > 남양주시 > 별내면",17852,214,427,706,852,880,1008,837,668,921,1310,1816,1850,1719,1480,1120,848,666,382,111,30,7
"총인구수 (명)","경기도 > 남양주시 > 수동면",8403,58,129,190,238,243,324,310,295,362,455,607,885,1065,1082,748,572,424,247,127,37,5
"총인구수 (명)","경기도 > 남양주시 > 조안면",3703,35,62,101,90,114,173,148,125,198,216,272,379,434,493,342,224,155,98,35,6,3
"총인구수 (명)","경기도 > 남양주시 > 호평동",55592,1490,2499,3493,3476,3011,2902,2745,2983,4805,5520,5727,4605,3401,3035,2141,1705,1210,586,198,55,5
"총인구수 (명)","경기도 > 남양주시 > 평내동",37376,1032,1370,2046,2439,2161,2197,2220,2184,2827,3395,3890,3365,2394,2063,1416,1017,739,427,164,27,3
"총인구수 (명)","경기도 > 남양주시 > 금곡동",16950,169,234,310,470,618,995,1125,872,910,914,1244,1707,2003,2030,1288,841,624,423,129,38,6
"총인구수 (명)","경기도 > 남양주시 > 양정동",2164,32,26,46,40,73,159,149,100,111,110,148,221,259,270,187,92,71,48,18,2,2
"총인구수 (명)","경기도 > 남양주시 > 다산1동",105753,4481,6330,7348,5621,4183,5723,7900,8562,11189,10299,8015,6438,5430,5047,3824,2530,1634,830,297,60,12
"총인구수 (명)","경기도 > 남양주시 > 다산2동",36521,1372,1999,2515,2020,1629,1912,2133,2365,3768,3751,3296,2748,2203,1868,1247,803,513,259,95,23,2
"총인구수 (명)","경기도 > 남양주시 > 별내동",82897,2771,3735,4653,3840,3702,5118,6391,5917,7470,7187,6803,6148,5653,5163,3570,2309,1358,734,296,68,11
